<mxStylesheet>

<!-- 도형들에 대한 기본 설정 -->
<add as="defaultVertex">
		<add as="shape" value="label"/>
		<add as="perimeter" value="rectanglePerimeter"/>
		<add as="fontSize" value="18"/>
		<add as="align" value="center"/>
		<add as="verticalAlign" value="bottom"/>
		<add as="strokeColor" value="black"/>
		<add as="fillColor" value="white"/>
		<add as="rounded" value="1"/>
		<add as="fontFamily" value="맑은 고딕"/>
	</add>
	
<!-- 선들에 대한 기본 설정 -->
 	<add as="defaultEdge" extend="defaultEdge">
		<add as="labelBackgroundColor" value="white"/>
		<add as="edgeStyle" value="elbowEdgeStyle"/>
		<add as="strokeColor" value="black"/>
		<add as="fontSize" value="14"/>
		<add as="fontColor" value="blue"/>
		<add as="startArrow" value="classic"/>
		<add as="endArrow" value="classic"/>
		<add as="align" value="center"/>
		<add as="verticalAlign" value="middle"/>
		<add as="fontColor" value="blue"/>
		<add as="fontStyle" value="1"/>
		<add as="fontFamily" value="맑은 고딕"/>
	</add> 
		

<add as="entity">
		<add as="edgeStyle" value="entityRelationEdgeStyle"/>
	</add>
	<add as="vertical">
		<add as="elbow" value="vertical"/>
	</add>
	<add as="straight">
		<add as="shape" value="connector"/>
		<add as="endArrow" value="classic"/>
		<add as="edgeStyle" value="none"/>
	</add>
	
<!--  	<add as="entity">
		<add as="edgeStyle" value="entityRelationEdgeStyle"/>
	</add>
	
	<add as="vertical">
		<add as="elbow" value="vertical"/>
	</add>
	
	<add as="straight">
		<add as="shape" value="connector"/>
		<add as="edgeStyle" value="none"/>
	</add>	 -->
	
<!-- 	<add as="group">
		<add as="shape" value="line"/>
		<add as="strokeColor" value="gray"/>
		<add as="fillColor" value="white"/>
	</add> -->
	
	
	<add as="image">
		<add as="shape" value="image"/>
		<add as="labelBackgroundColor" value="white"/>
		<add as="verticalLabelPosition" value="bottom"/>
		<add as="verticalAlign" value="top"/>
	</add>	
	
	 <add as="rectangle">
	 	<add as="shape" value="rectangle"/>
		<add as="fontSize" value="12"/>
		<add as="align" value="center"/>
		<add as="verticalAlign" value="top"/>
		<add as="fillColor" value="purple"/>
		<add as="opacity" value="20"/>
		<add as="strokeColor" value="white"/>
	</add>
	
 	<add as="ellipse">
		<add as="shape" value="ellipse"/>
		<add as="fontSize" value="11"/>
		<add as="align" value="center"/>
		<add as="verticalAlign" value="middle"/>
		<add as="strokeColor" value="black"/>
		<add as="fillColor" value="white"/>
		<add as="fontstyle" value="1"/>
	</add>	
	
	<add as="rhombus">
		<add as="shape" value="rhombus"/>
		<add as="fontSize" value="11"/>
		<add as="align" value="center"/>
		<add as="verticalAlign" value="middle"/>
		<add as="strokeColor" value="black"/>
		<add as="fillColor" value="white"/>	
	</add>
	
	<add as="triangle">
		<add as="shape" value="triangle"/>
		<add as="fontSize" value="11"/>
		<add as="align" value="left"/>
		<add as="verticalAlign" value="middle"/>
		<add as="strokeColor" value="black"/>
		<add as="fillColor" value="white"/>	
	</add>
	
	
	
		<add as="roundImage" extend="image">
		<add as="perimeter" value="ellipsePerimeter"/>
	</add>
	<add as="rhombusImage" extend="image">
		<add as="perimeter" value="rhombusPerimeter"/>
	</add>
	
	
		
</mxStylesheet>
